Municipio,Codigo,Prefeito,Area Territorial,Populacao no ultimo censo pessoas,Densidade demografica,Populacao estimada pessoas,Total de receitas brutas realizadas,Total de despesas brutas empenhadas,PIB per capita
Acorizal,5100102,DIEGO EWERTON FIGUEIREDO TAQUES,850763,5014,5.89,4990,46109959.57,44171408.23,20561.61
Água Boa,5100201,MARIANO KOLANKIEWICZ FILHO,7549308,29219,3.87,31314,286870969.12,270313137.9,74990.39
Alta Floresta,5100250,VALDEMAR GAMBA,8955.41,58613,6.54,61291,331802521.4,306044984.3,40531.28
Alto Araguaia,5100300,JACSON MARLON NIEDERMEIER,5317513,17193,3.18,17657,163057941.02,162126264.8,59497.11
Alto Boa Vista,5100359,JOSÉ PEREIRA MARANHÃO,2248414,5715,2.54,5875,50879572.41,44407392.6,37231.59
Alto Garças,5100409,CEZALPINO MENDES TEIXEIRA JUNIOR,3857559,13052,3.38,13707,97783547.03,108324874,97187.86
Alto Paraguai,5100508,ADAIR JOSE ALVES MOREIRA,1847354,8009,4.34,7717,57816632.9,66780777.78,14382.3
Alto Taquari,5100607,MARILDA GAROFOLO SPERANDIO,1521377,10904,7.59,11571,115483923.1,103869044.3,113538.74
Apiacás,5100805,JULIO CESAR DOS SANTOS,20489024,8590,0.42,8692,79415069.58,85139293.57,22418.58
Araguaiana,5101001,JOSE MARRA NERY,6380.7,3795,0.59,3950,50254623.37,43975761.93,41316.47
Araguainha,5101209,FRANCISCO GONÇALVES NAVES,675231,1010,1.5,1006,31631280.27,25846616.59,30845.7
Araputanga,5101258,ENILSON DE ARAUJO RIOS,1639733,14786,9.02,14854,100153408.42,95957375.77,38361.43
Arenápolis,5101308,EDERSON FIGUEIREDO,417337,10576,25.34,10747,68885715.68,59437002.79,24711.43
Aripuanã,5101407,SELUIR PEIXER REGHIN,24678135,24626,1,26010,210542632.57,207391907.7,62691.39
Barão de Melgaço,5101605,MARGARETH GONÇALVES DA SILVA,11374872,7253,0.64,7204,43253891.61,43859262.23,15262.65
Barra do Bugres,5101704,MARIA AZENILDA PEREIRA,5976865,29403,4.92,29576,211450706.49,189499332.3,44018.43
Barra do Garças,5101803,ADILSON GONÇALVES DE MACEDO,8362915,69210,8.28,72694,385068345.89,379410120.7,41607.18
Boa Esperança do Norte,5101837,-,4704488,-,-,-,-,-,-
Bom Jesus do Araguaia,5101852,MARCILEI ALVES DE OLIVEIRA,4266636,7280,1.71,7731,73000974.39,60239841.73,112613.63
Brasnorte,5101902,EDELO MARCELO FERRARI,15968355,17004,1.06,17496,166768706.69,155808599,101462.2
Cáceres,5102504,ANTÔNIA ELIENE LIBERATO DIAS,24499922,89681,3.66,91626,403645190.62,438136155.5,23753.91
Campinápolis,5102603,JEOVAN FARIA,5978985,15347,2.57,15713,112456530.55,101336083.3,26958.25
Campo Novo do Parecis,5102637,EDILSON ANTONIO PIAIA,9428585,45899,4.87,50033,411890796.87,384363070.2,187188.91
Campo Verde,5102678,ALEXANDRE LOPES DE OLIVEIRA,4771091,44585,9.35,47831,405301480.93,364830081.6,113394.08
Campos de Júlio,5102686,IRINEU MARCOS PARMEGGIANI,6792808,8822,1.3,9608,124625553.77,108035274.5,455838.1
Canabrava do Norte,5102694,NEUILSON DA SILVA LIMA,3449037,4485,1.3,4480,52035316.29,43259632.62,56716.7
Canarana,5102702,VILSON BIGUELINI,10855181,25858,2.38,27657,252104177.39,230911227.1,132641.17
Carlinda,5102793,FERNANDO DE OLIVEIRA RIBEIRO,2421788,10332,4.27,10324,67579418.47,60082954.07,29658.71
Castanheira,5102850,JAKSON DE OLIVEIRA RIOS JUNIOR,3713466,7506,2.02,7459,55167624.34,51857055.86,24494.82
Chapada dos Guimarães,5103007,OSMAR FRONER DE MELLO,6603252,18990,2.88,19374,158906198.05,157563504.6,53931.12
Cláudia,5103056,MARCOS FERNANDO FELDHAUS,3843561,9593,2.5,9436,96802510.25,88496231.21,86593.96
Cocalinho,5103106,MÁRCIO CONCEIÇÃO NUNES DE AGUIAR,16563136,6220,0.38,6428,69071754.69,67716949.93,52079.24
Colíder,5103205,RODRIGO LUIZ BENASSI,3112091,31370,10.08,32010,170040850.63,166793801.5,37495.61
Colniza,5103254,MILTON DE SOUZA AMORIM,27960237,25766,0.92,26090,169596421.43,153450169.8,20651.18
Comodoro,5103304,ROGERIO VILELA VICTOR DE OLIVEIRA,21485018,18238,0.85,18461,152338537.98,131515038.5,59213.23
Confresa,5103353,RICARDO ALOISIO BABINSKI,5802303,35075,6.05,37541,213446449.17,195365630.7,47721.27
Conquista D'Oeste,5103361,ODAIR JOSE VARGAS,2684676,3760,1.4,3874,52756080.87,49828444.34,34399.39
Cotriguaçu,5103379,MOISES FERREIRA DE JESUS,9469957,11011,1.16,10398,78489751.93,74031258.49,15773.04
Cuiabá,5103403,ABILIO JACQUES BRUNINI MOUMER,4327.22,650877,150.41,682932,4206842583.08,4233324461,47700.88
Curvelândia,5103437,JADILSON ALVES DE SOUZA,357212,4903,13.73,4967,38599940.89,32607809.17,23513.3
Denise,5103452,ALDECIR DE SOUSA OLIVEIRA,1273178,7014,5.51,6815,57762312.45,46863132.47,55018.49
Diamantino,5103502,FRANCISCO FERREIRA MENDES JUNIOR,8263397,21941,2.66,22479,246538982.25,227713278.2,257582.45
Dom Aquino,5103601,CARLOS ALBERTO DA COSTA,2183603,7872,3.61,7915,62576172.15,61998933.91,83260.65
Feliz Natal,5103700,JOSE ANTONIO DUBIELLA,11661514,10521,0.9,10564,105712066.49,94896432.93,70377.74
Figueirópolis D'Oeste,5103809,ADEMIR FELICIO GARCIA,891448,3187,3.58,3112,41786973.76,35180039.19,24516.56
Gaúcha do Norte,5103858,ARI DO PRADO,16908375,8642,0.51,9181,106542623.3,83646109.96,163138.13
General Carneiro,5103908,JOÃO FILHO MARQUES RODRIGUES,4514917,6037,1.34,6250,54628367.94,47755257.08,84131.44
Glória D'Oeste,5103957,GHEYSA MARIA BONFIM BORGATO,833.13,2905,3.49,2899,44728146.22,34131456.83,29844.05
Guarantã do Norte,5104104,ALBERTO MÁRCIO GONÇALVES,4725281,31024,6.57,31328,227032425.68,219530852.1,30166.45
Guiratinga,5104203,WALDECI BARGA ROSA,5044493,10966,2.17,10532,80330886.71,77976912.39,46198.67
Indiavaí,5104500,SIDNEI MARQUES LOPES,592495,2213,3.74,2194,36722065.32,36308703.69,36921.25
Ipiranga do Norte,5104526,JULIANO BERTICELLI,3422016,7815,2.28,8409,115045450.61,89051358.71,235258.71
Itanhangá,5104542,EMERSON SABATINE,2909745,7539,2.59,8049,58289442.73,54685158.31,102626.15
Itaúba,5104559,ANTONIO FERREIRA DE OLIVEIRA NETO,4521.79,5020,1.11,5161,64655642.36,56113687.3,116106.91
Itiquira,5104609,FABIANO DALLA VALLE,8698814,12236,1.41,12519,163042645.3,141407058.5,156247.05
Jaciara,5104807,ANDREIA WAGNER,2429678,28569,11.76,29560,187125107.85,164068727.3,43250.68
Jangada,5104906,ROGÉRIO DE OLIVEIRA MEIRA,1114302,7426,6.66,7447,69900645.81,38322532.78,22421.04
Jauru,5105002,VALDECI JOSÉ DE SOUZA,1345411,8367,6.22,8076,57597161.23,60341574.45,41639.89
Juara,5105101,VALDINEI HOLANDA MORAES,22632713,34906,1.54,35899,215065591.59,205962500.4,38713.76
Juína,5105150,PAULO AUGUSTO VERONESE,26397173,45869,1.74,47800,264555020.87,252765827.3,32361.19
Juruena,5105176,MANOEL GONTIJO DE CARVALHO,3207837,10213,3.18,10149,64653045.95,62840815.85,17721.06
Juscimeira,5105200,ALEXANDRE RUSSI,2291301,11480,5.01,11620,84538122.74,70853291.62,47524.61
Lambari D'Oeste,5105234,MARCELO VIEIRA VITORAZZI,1810463,4790,2.65,4724,58998022.99,47701958.51,39221.83
Lucas do Rio Verde,5105259,MIGUEL VAZ RIBEIRO,3674596,83798,22.8,92256,744966492.09,700347237.3,98915.82
Luciara,5105309,PARASSU DE SOUZA FREITAS,4282733,2509,0.59,2591,29708697.37,26691239.97,20224.35
Vila Bela da Santíssima Trindade,5105507,JACOB ANDRÉ BRINGSKEN,13484.71,16774,1.24,17384,135232761.57,126040903.1,38942.45
Marcelândia,5105580,CELSO LUIZ PADOVANI,12285486,11396,0.93,11414,97660115.92,90991725.67,66743.72
Matupá,5105606,BRUNO SANTOS MENA,5228272,20091,3.84,21415,150001030.23,145327880.3,75388.99
Mirassol d'Oeste,5105622,HECTOR ALVARES BEZERRA,1085486,26785,24.68,27511,137887747.1,141524190.8,29702.61
Nobres,5105903,JOSE DOMINGOS FRAGA FILHO,3908739,15492,3.96,15753,133303075.41,132047440.9,72718.09
Nortelândia,5106000,MARIANO GOMES MIRANDA,1336754,5956,4.46,5935,50392533.18,51327611.24,55592.83
Nossa Senhora do Livramento,5106109,THIAGO GONÇALO LUNGUINHO DE ALMEIDA,5410138,12940,2.34,11658,96242778.48,81070003.29,29622.31
Nova Bandeirantes,5106158,JOÃO ROGÉRIO DE SOUZA,9556661,13635,1.43,14160,90489412.26,89696308.27,21391.37
Nova Nazaré,5106174,REGINALDO MARTINS DEL COLLE,4034539,4200,1.04,4467,47984072.25,42533713.93,35035.46
Nova Lacerda,5106182,AIRTON JUSTINO DO NASCIMENTO,4780426,6670,1.4,6965,59875190.97,54509982.41,64948.2
Nova Santa Helena,5106190,PAULINHO BORTOLINI,2385611,4239,1.78,4431,52369198.12,50683385.48,88750.48
Nova Brasilândia,5106208,JOSÉ ANTÔNIO DOMINGOS CARDOSO,3289572,3932,1.2,3853,49887457.76,41529670.59,29851.26
Nova Canaã do Norte,5106216,ALLISON VINICIUS OLIVEIRA DA SILVA,5953099,11707,1.97,11771,100711501.86,94138064.27,70608.91
Nova Mutum,5106224,LEANDRO FELIX PEREIRA,9536814,55839,5.86,61223,532317134.52,508455793.2,125187.35
Nova Olímpia,5106232,ARI CANDIDO BATISTA,1327266,16352,12.32,16314,104517965.88,102191720.7,35164.43
Nova Ubiratã,5106240,EDEGAR JOSÉ BERNARDI,8720777,11530,0.93,12108,151150888.7,136478127.4,261783.61
Nova Xavantina,5106257,JOÃO MACHADO NETO,5492206,24345,4.43,25486,144332365.73,137917398.5,47627.46
Novo Mundo,5106265,CASCIANO MARTINS REIS,5800759,6520,1.12,6444,73004993.37,62375664.71,50945.76
Novo Horizonte do Norte,5106273,AGENOR EVANGELISTA DA SILVA JUNIOR,920048,3349,3.64,3307,39113389.27,38074710.89,24944.48
Novo São Joaquim,5106281,LEONARDO FARIA ZAMPA,5225595,6919,1.32,7160,74302376.88,75198875.67,178424.27
Paranaíta,5106299,OSMAR ANTONIO MOREIRA,4814149,11671,2.42,11989,130921622.21,122028695.8,70518.15
Paranatinga,5106307,ANTONIO MARCOS THOMAZINI,24127429,26423,1.09,28228,198325604.26,161439185.4,91867.26
Novo Santo Antônio,5106315,CLEOMENES JUNIOR DIAS COSTA,4394.78,2015,0.46,2040,42291069.33,38020076.37,20458.85
Pedra Preta,5106372,IRACI FERREIRA DE SOUZA,3841672,18066,4.7,18722,133199232,127034142,89805.8
Peixoto de Azevedo,5106422,NILMAR NUNES DE MIRANDA,14433775,32714,2.27,33599,229027887.46,215786036.1,25734.2
Planalto da Serra,5106455,NATAL ALVES DE ASSIS SOBRINHO,2437.59,3166,1.3,3287,28818724.3,29106688.19,87939.09
Poconé,5106505,JONAS EDUARDO DE QUEIROZ MORAES,17013707,31217,1.82,31269,175446635.74,157757843.5,21252.49
Pontal do Araguaia,5106653,ADELCINO FRANCISCO LOPO,2742482,6932,2.53,7299,52360008.56,46415947.36,17674.65
Ponte Branca,5106703,CLENEI PARREIRA DA SILVA,701138,2008,2.86,2076,36571246.78,29013080.11,20481.87
Pontes e Lacerda,5106752,JAKSON FRANCISCO BASSI,8545292,52018,6.09,54795,265777425.78,245517520.4,52840.74
Porto Alegre do Norte,5106778,CARLOS ROBERTO TOMAZETTO,3971732,12127,3.05,12524,86502948.24,71730315.43,44260.34
Porto dos Gaúchos,5106802,VANDERLEI ANTONIO DE ABREU,6846668,5593,0.82,5690,83862686.9,76230504.36,246782.25
Porto Esperidião,5106828,ODIRLEI QUEIROZ FARIA,5835278,10204,1.75,10167,86419662.59,76214701.1,25346.89
Porto Estrela,5106851,MARCIO RODRIGUES DA SILVA,2045467,3224,1.58,3181,38893055.55,36282666.14,29907.24
Poxoréu,5107008,LUCIANO HUDSON SOL DA COSTA,6915298,23283,3.37,24587,113850944.63,111623160.6,67630.15
Primavera do Leste,5107040,SERGIO MACHNIC,5470383,85146,15.56,92927,21898231.09,24990901.38,109043.17
Querência,5107065,GILMAR REINOLDO WENTZ,17799989,26769,1.5,29820,317501055.73,279777426,231667.59
São José dos Quatro Marcos,5107107,JAMIS SILVA BOLANDIN,1282763,17849,13.91,17830,87141117.19,86448410.65,23873.07
Reserva do Cabaçal,5107156,JONAS CAMPOS VIEIRA,1331677,2122,1.59,2062,30281751.42,28610025.25,17235.37
Ribeirão Cascalheira,5107180,ELZA DIVINA BORGES GOMES,11354555,10089,0.89,10431,81349900.63,76948847.92,72424.03
Ribeirãozinho,5107198,DANILO COELHO DOMINGOS,624997,2593,4.15,2697,36885106.88,32711118.48,77486.61
Rio Branco,5107206,PABOLLO VICTOR BATISTA SIMAN,539287,4535,8.41,4489,39335569.27,35714354,20830.42
Santa Carmem,5107248,PABLO LIBERAL BORTOLAS,3812.09,5374,1.41,5677,66011999.97,62357941.54,224418.59
Santo Afonso,5107263,LUIS FERNANDO FERREIRA FALCÃO,1166382,2519,2.16,2460,44920703.49,39650453.56,51063.2
São José do Povo,5107297,IVANILDO VILELA DA SILVA,489737,2875,5.87,2780,34836619.75,28999175.63,14374.39
São José do Rio Claro,5107305,LEVI RIBEIRO,4525304,14911,3.3,14662,133523980.01,118001902.6,68644.21
São José do Xingu,5107354,SANDRO JOSE LUZ COSTA,7465563,5964,0.8,6168,72307909.6,60065228.25,165549.74
São Pedro da Cipa,5107404,EDUARDO JOSE DA SILVA ABREU,344.33,4191,12.17,4247,39367110.61,33300005.42,14366.2
Rondolândia,5107578,JOSÉ GUEDES DE SOUZA,12658342,3505,0.28,3527,55253813.51,45764547,28110.57
Rondonópolis,5107602,CLAUDIO FERREIRA DE SOUZA,4824505,244911,50.77,259167,1666675926.41,1659953777,72181.58
Rosário Oeste,5107701,MARIANO BALABAM,7339443,15453,2.11,15236,105003412.53,101812764.4,31476.72
Santa Cruz do Xingu,5107743,JORAILDES SOARES DE SOUSA,5623.39,2661,0.47,2834,50996530.93,41389732.86,118731.1
Salto do Céu,5107750,MAUTO TEIXEIRA ESPINDOLA,1753378,3679,2.1,3679,53275592.73,48834302.91,29237.92
Santa Rita do Trivelato,5107768,VOLMIR BASSANI,4740204,3276,0.69,3463,78933102.31,69565991.03,343161.27
Santa Terezinha,5107776,THIAGO CASTELLAN RIBEIRO,6466223,7596,1.17,7720,58385545.22,58089038.94,35169.16
Santo Antônio do Leste,5107792,MIGUEL JOSE BRUNETTA,3403593,4099,1.2,4212,64877478.8,59488509.64,186843.37
Santo Antônio de Leverger,5107800,FRANCIELI MAGALHÃES DE ARRUDA VIEIRA PIRES,9519194,15246,1.61,16795,81448453.86,78831178.37,47655.17
São Félix do Araguaia,5107859,ACÁCIO ALVES SOUZA,16682473,13621,0.82,14332,158974205.82,139772052,135991.34
Sapezal,5107875,CLÁUDIO JOSE SCARIOTE,13614552,28944,2.13,31499,292404251.82,287315489.6,253910.54
Serra Nova Dourada,5107883,ELSON FARIAS DE SOUSA,1490793,1800,1.21,1901,30674135.21,29858838.92,43686.5
Sinop,5107909,ROBERTO DORNER,3990.87,196312,49.19,216029,1147418260.38,1036373259,64607.12
Sorriso,5107925,ALEI FERNANDES,8454.83,110635,11.9,120985,850584557.11,832686228.5,131899.11
Tabaporã,5107941,CARLOS EDUARDO BORCHARDT,8439.05,9818,1.16,9908,110767026.63,101614979.2,141052.69
Tangará da Serra,5107958,VANDER ALBERTO MASSON,11636262,106434,9.15,112547,640519925.77,650403674,51892.66
Tapurah,5108006,ALVARO GALVAN,4492539,14370,3.2,15272,144650682.63,124045853,139617.54
Terra Nova do Norte,5108055,PASCOAL ALBERTON,2399737,10616,4.42,10641,91616733.61,88506552.72,54104.74
Tesouro,5108105,JOÃO ISAACK MOREIRA CASTELO BRANCO,4244073,3025,0.71,2977,37614141.66,33827734.76,83165.07
Torixoréu,5108204,THIAGO TIMO OLIVEIRA,2398383,4164,1.74,4230,40455005.83,36599999.99,60613.76
União do Sul,5108303,VANDERLEI ANTONIO DE MARCH,4590628,3838,0.84,3897,44645022.44,39788027.11,145942.7
Vale de São Domingos,5108352,LEANDRO AZEVEDO DA CUNHA,1902108,2904,1.53,2907,40505725.3,33606782.88,24697.43
Várzea Grande,5108402,FLAVIA PETERSEN MORETTI DE ARAUJO,939887,300078,414.31,314627,1306473823.26,1324626695,34151.42
Vera,5108501,YAGO PEZARICO GIACOMELLI,2978674,12800,4.19,13389,97917973.39,92368771.18,110130.08
Vila Rica,5108600,JOÃO SALOMÃO PIMENTA,7436383,19888,2.67,19827,143154100.33,131549451.2,32627.85
Nova Guarita,5108808,EDSON GONZAGA RIBEIRO,1121928,4590,4.09,4579,53568180.71,50551757.06,37993.87
Nova Marilândia,5108857,JEFFERSON NOGUEIRA SOUTO,1905744,3529,1.85,3678,53525819.89,49211037.36,126907.27
Nova Maringá,5108907,ANA MARIA URQUIZA CASAGRANDE,11553479,5846,0.51,5775,88591916.16,83060745.79,133034.17
Nova Monte Verde,5108956,EDEMILSON MARINO DOS SANTOS,5139307,8313,1.62,8451,79596224.41,68179309.41,39171.89
